"R0","a1","a2","v"
"8.971262436309477","0.01438885249492456","0.0097584885165203",0.5894227250213706
"4.1173085105978275","0.006603657486849202","0.00447861907355831",0.10538829771244006
"6.560648427733782","0.01052243463987549","0.007136336579460204",0.43856148311409776
"5.123123291197905","0.008216913831927707","0.0055726584696024085",0.28102459847171557
"5.4617261615206845","0.008759921575527227","0.005941005695949644",0.32559869409401515
"4.674678071276846","0.007497664521506781","0.005084901400846277",0.212055019837026
"4.446602609285756","0.007131766389867949","0.004836796033501026",0.17163757763072485
"3.9124255102035037","0.006275055865709626","0.004255744039601215",0.05853897400380296
"5.93093158466528","0.009512586469702891","0.006451376982990163",0.3789521984479728
"6.812683890209092","0.010926755869778482","0.007410509649980113",0.45933298859585525
"4.64812674223927","0.007455027906661274","0.005056004674272716",0.2075525803606964
"4.6193804731134875","0.007408912728985176","0.005024732231768688",0.2026208741424911
"5.265457643262437","0.008445152817286458","0.005727519291398747",0.3004609913956142
"4.643838077390148","0.007448169480459308","0.005051309563577509",0.20681920573826815
"11.716121132819739","0.018791307133194334","0.012744206191294323",0.6856129999641999
"8.264846309748362","0.013255829174239972","0.008990111989894264",0.5543301608449427
"6.743395815642928","0.010815602293464528","0.007335133389363675",0.45377730897211954
"5.002129559322875","0.008022914029652047","0.005441059324248585",0.26363487491292126
"5.625749396672231","0.009023051469426106","0.006119436854650023",0.3452624325417762
"5.712565698058348","0.009162255802944838","0.006213845249072968",0.3552114371161342
"5.670621112868672","0.009095055235132255","0.006168199726352128",0.35044181733869484
"5.679801771926827","0.009109751430139161","0.006178220772801458",0.351492889126403
"4.659072818014024","0.007472657673702857","0.00506791528130228",0.20941543813750216
"4.358436377628975","0.006990462141809581","0.0047408760815907",0.15488094932675378
"4.833283855052296","0.007752004275934388","0.005257402394411236",0.23790994687328904
"5.629836531156713","0.009029642607567273","0.0061238467941917025",0.3457366062200951
"6.8639517960237795","0.011008993516291416","0.007466249986718995",0.4633706556007307
"5.622386214168089","0.009017659859452668","0.00611578561163477",0.34487108663712207
"8.18397667296208","0.013126274556659111","0.008902114406550716",0.5499262567217875
"4.43000384011082","0.007105192941957809","0.0048187684757471805",0.16853619476990142
"4.951229400664649","0.00794124436556647","0.005385704178392024",0.2560650926197436
"4.713254353024445","0.007559523639201667","0.005126852045143463",0.21850330075076982
"5.343935888250595","0.00857103581965865","0.005812870111364221",0.310733544785032
"7.7012155393075865","0.012351765262164454","0.00837698070273575",0.521711673704393
"5.652502636004561","0.009065913648533045","0.0061484888020704375",0.34835899425143485
"6.688458234062177","0.010727527512038766","0.007275369592484315",0.4492908119368122
"6.791865897721725","0.010893352164434376","0.007387848389483701",0.45767524407644816
"5.5944806068500315","0.008972875407777265","0.006085320748730422",0.3415985890105694
"8.463974065199826","0.013575216609792705","0.009206679395345047",0.5648146435280538
"6.400543232409119","0.010265734738859033","0.006962190849505551",0.42451827940505965
"6.293309118008878","0.010093735387340904","0.006845565013123199",0.4147129510858047
"5.213506522443678","0.008361844487979176","0.005670983791678716",0.293489232395298
"5.030355969356272","0.008068077650902986","0.005471784520141632",0.2677668114046302
"5.467280699143587","0.00876886411759287","0.0059470299671611805",0.32628338994763323
"5.462686641697026","0.008761519298117682","0.005942049115468775",0.3257176893132153
"5.778117886234396","0.009267435407474578","0.006285149945995291",0.36252682277558246
"6.585657607054691","0.010562616680873072","0.007163564137734433",0.4406946570349555
"6.463036278267212","0.01036595005775564","0.0070301779119242465",0.430082999211888
"5.889307294475638","0.009445718430995915","0.006406041321565608",0.3745598638060361
"4.9609949314762956","0.007956774960828835","0.005396333941041659",0.2575285437460111
"6.475124625993798","0.01038533072110127","0.007043310305319264",0.43114642206337495
"4.239101109136692","0.006799004539404588","0.004611075805160897",0.13108959851963592
"5.438599296765005","0.008722877169886895","0.0059158296572600156",0.32273045860210486
"6.65927361331573","0.010680771685965902","0.007243616043851648",0.4468773680438807
"4.789033965224905","0.007681037158230304","0.00520927163074944",0.23086851895255214
"6.308435094203448","0.010117947008615215","0.006862005357666352",0.4161156005515583
"3.9587371636254782","0.006349323486686829","0.004306117370381624",0.06955239637484104
"5.078773443855754","0.008145732617486127","0.005524471921577701",0.274748440580118
"6.25294158613285","0.010028961846736337","0.006801641121738085",0.41093383975544673
"6.038210167196663","0.009684597045976946","0.006568060811381914",0.3899854618097109
"3.9945069559807242","0.006406724896219989","0.00434502962655459",0.07788509038317115
"7.992888189460144","0.012819725359750364","0.008694276786854806",0.5391663311526039
"7.107297975446507","0.011399221027674766","0.007730978324310408",0.4817446364756797
"5.732975850935469","0.009195000641945226","0.006236040411399362",0.3575068105340852
"6.087400080754923","0.009763461955447306","0.0066216127397806055",0.394916108340494
"5.8130864992808045","0.009323469926928384","0.006323216735423869",0.36636227755347917
"7.037390531229924","0.011287177702062844","0.0076548949289312685",0.4765957741573781
"7.908065894148692","0.012683652471031728","0.008602003768392395",0.5342231492121124
"5.203539147456539","0.008345825603594094","0.005660149533220795",0.2921359766407638
"3.75908732008422","0.006029179966917987","0.0040889469417146485",0.020136272714563207
"3.8717701158595865","0.006209846797895852","0.004211526472529515",0.04865360141265568
"6.61747885695627","0.010613625066466922","0.007198164799029609",0.4433836302670485
"4.390766407904641","0.007042279137400999","0.004776055139645986",0.1611040423033188
"6.041790499174688","0.00969038031865393","0.0065719508609070314",0.39034707583797496
"8.34958351026094","0.013391735333046884","0.009082272886724082",0.558852888494276
"5.6324492405731625","0.009033715704507601","0.006126683096776618",0.34603895467975126
"6.350008681669334","0.01018459939255098","0.006907252331834753",0.4199389291374691
"3.8110810168622424","0.006112528205321035","0.004145503128926486",0.03350357748995877
"4.813010337428421","0.0077194945088877","0.00523535054053861",0.23469995198605967
"5.996756895485646","0.009617999368666414","0.006522949870779806",0.38576718955283407
"6.449139081454144","0.010343641845811206","0.007015057758472671",0.4288546729878218
"5.480614196409712","0.008790235276340654","0.005961541545354553",0.32792266281793947
"8.518966210456137","0.013663401762688718","0.00926655524223197",0.567624838889756
"4.6601872066556975","0.007474389163737679","0.005069137383462739",0.2096044309087496
"5.078247196817645","0.008145033491226819","0.005523872755795533",0.27467336518980645
"6.556048091207187","0.010515118670794637","0.007131357112561618",0.43816860725919193
"7.2111474759313134","0.011565804155732967","0.007843906450106837",0.4892074246008511
"5.2672121450485445","0.008448004603118791","0.0057294093833825145",0.300693506616661
"5.928706064248263","0.009508978357164131","0.0064489243910609935",0.3787176533234116
"5.2950190708678075","0.008492578596392126","0.00575966795547761",0.3043662331881554
"6.797551010055723","0.010902463889662622","0.007394081399563412",0.4581301231953132
"5.0701887351611985","0.008131993291512762","0.005515106907311399",0.2735194227626244
"5.012771498881492","0.008039874663813366","0.005452647076690057",0.2651976918339513
"6.977927470234685","0.01119178468925139","0.007590244191385635",0.4721362082344872
"4.90809783073102","0.007871984563245928","0.005338782336885575",0.2495263905699893
"3.7766687786151873","0.006057359678255366","0.004108068799849972",0.024697272687185957
"5.085912303254263","0.00815720604300035","0.0055321629633377405",0.2757630345310631
"4.515150302708535","0.0072417891788298236","0.004911369969567889",0.18421521210017416
"7.135881116719797","0.011445218306616118","0.007762055216593974",0.4838209222640027
"6.9429529861877635","0.011135720944703774","0.007552215572550261",0.4694776947149956
"5.205999913992654","0.008349818671690006","0.005662841652547847",0.29247171215652934
"5.544176824160098","0.008892241266255799","0.00603067170750189",0.33562792599000535
"5.4541015065909715","0.008747699744093278","0.005932707448263778",0.3246557709709942
"5.333121419450078","0.008553681077624985","0.0058010601022576835",0.30933369997929283
"8.317594971663716","0.013340424682213843","0.009047441789541612",0.5571556193821281
"5.083276616369977","0.0081530217217806","0.005529359848150423",0.2753910539688587
"7.228569262014811","0.01159376915026208","0.007862829776288079",0.4904379498282945
"6.083255302754241","0.00975684937692025","0.006617100968962222",0.3945039631467536
"5.918660611709675","0.009492830407026578","0.006438020972474805",0.3776637732536086
"5.557438758521916","0.008913486471038694","0.006045098477486757",0.33721318465991257
"6.225455116379381","0.00998491969824003","0.006771732822514491",0.4083329614298547
"4.99065417204489","0.008004385123941487","0.005428610869581153",0.26194218696478216
"5.8866221192007036","0.009441476649255449","0.00640316337511591",0.3742765976797428
"4.977147882380456","0.007982740468890397","0.005413898790303911",0.2599384772145574
"4.88712791286104","0.007838354641570166","0.005315960824053498",0.2463056483131528
"6.3061633913746356","0.010114281933909787","0.006859491442817261",0.4159037668897956
"4.699697463824651","0.007537803936758535","0.005112091450125021",0.21624843574338712
"6.495871965554134","0.010418563337869429","0.007065881304607927",0.43296313540990755
"6.920567324898985","0.011099817150927898","0.007527861068429572",0.46776152131863513
"5.2603591146955235","0.008437024275666843","0.0057219679656402445",0.29978316464212695
"5.565082556747024","0.008925759399315388","0.006053449837998306",0.3381251506075366
"5.134093759523521","0.008234457586745986","0.0055845951221631055",0.28256058194879985
"4.650964784409024","0.007459582976138409","0.005059096809156092",0.2080364677981265
"4.0649650789543434","0.0065197430711614966","0.004421670790214194",0.09386831969221875
"4.5717422575849085","0.007332553406374581","0.004972938363597299",0.1943141087355164
"4.092059058092868","0.006563162313732995","0.0044511508523077704",0.09986802564266188
"8.72886785192701","0.014000245916899419","0.009494806325796492",0.5780215281438632
"6.650512959481645","0.01066661221661069","0.007234100347045137",0.44614853005812405
"5.6455116112218615","0.00905479259800533","0.006140893633329281",0.3475531271316109
"6.592693181983301","0.010573910740367846","0.007171197046141194",0.4412910075601628
"5.364934120114969","0.008604719750265019","0.00583569820537231",0.3134308033431657
"3.7361113518279803","0.005992302180879914","0.0040639381617337015",0.014108417793614719
"4.470027431581141","0.0071693929541548785","0.0048622644778915",0.17597848698082147
"5.765623416763082","0.009247388718973107","0.0062715541285835365",0.36114513754274485
"6.613182131797774","0.010606787982557294","0.00719349937101608",0.44302253373315664
"3.9325309079432746","0.006307292426864612","0.004277609495267927",0.0633517680525833
"6.45815434250993","0.010358151662426918","0.007024869368136979",0.429652422144144
"5.736893188216544","0.009201316630931421","0.00624031742160575",0.357946386881134
"4.794959975246951","0.007690583432794257","0.0052157144636455705",0.2318193493496186
"5.894693028222613","0.009454392445684039","0.006411987904631061",0.37513477328267386
"5.661774687011674","0.009080794035195782","0.006158585854572174",0.34942668065561394
"8.430528018268339","0.013521636026745207","0.009170321919138281",0.5630887890126215
"5.571243492900628","0.008935624471458068","0.006060128780130014",0.3388560283159894
"8.36280474400435","0.013413020276735976","0.00909661454716688",0.5595498861586076
"5.2773755636684925","0.00846428721182896","0.005740472881272718",0.30204047506270826
"4.92312787508299","0.007896164057132648","0.005355081294264691",0.2518156858606893
"8.026941062247678","0.012874227570605471","0.008731256057917646",0.5411196811017287
"4.754987054356422","0.007626443724189813","0.005172242605410839",0.22536180119073
"9.85868411545969","0.015812208097787522","0.010723804672284155",0.6263809099566655
"4.291554132484822","0.006883122828582452","0.0046681345404515386",0.14170982937941093
"8.103563090893577","0.01299717249528541","0.008814669640952212",0.545460072196579
"7.281404843373889","0.011678488403675323","0.007920341986747006",0.4941363150012982
"4.962408690004526","0.007959046178788882","0.005397899639306577",0.2577415388537453
"5.023567329960536","0.008057205238950626","0.005464401949115135",0.2667775463285458
"5.600024904901972","0.008981809699761138","0.006091418051244721",0.3422534548141576
"4.461155745287368","0.007155181487909012","0.004852637071106642",0.17434146117739976
"4.396237717819232","0.007051034822681379","0.004782030860230061",0.1621494237174583
"5.727446411494409","0.009186186401972732","0.0062300343177590835",0.3568872693193816
"4.625856968350852","0.007419330301444341","0.0050317862997781675",0.20373815147289992
"5.194599860678834","0.008331568354141283","0.0056504466626634674",0.290919540846206
"4.977908145349776","0.007984039080822142","0.0054147257764342455",0.2600522977086167
"5.992420566415688","0.009611156471287038","0.0065182839264323715",0.3853252740383218
"4.7084948187620315","0.007551897982829969","0.0051216715527157225",0.21771323494789557
"9.112791579644384","0.014615925738002857","0.0099123838868872",0.595798751466175
"5.527579972252108","0.008865574742377359","0.006012635734523264",0.3336334457480345
"6.776917522288507","0.010869330437497783","0.007371611002011073",0.456479371544041
"5.856870279229578","0.009393713876532423","0.006370808198988721",0.37109798761796065
"4.336142287024462","0.006954701006811585","0.004716627452223178",0.150535869905449
"6.174511060154237","0.009903228377366036","0.0067163301575823104",0.4034517914924779
"3.968113169328399","0.00636435462935653","0.004316298323635543",0.07174935555303115
"5.763437225107142","0.009243862310410125","0.006269185969548912",0.36090303320026357
"4.758307723931301","0.007631776989716003","0.005175873878445065",0.22590354942456628
"5.516512118510748","0.008847735574628845","0.006000570888852695",0.33229472061313986
"4.833010949529452","0.007751547198618709","0.005257110240563657",0.2378669629637227
"4.749853977455911","0.00761818509746407","0.005166650087966412",0.22452387635363252
"4.791294760841642","0.007684693746033449","0.005211737562283625",0.23123213902916712
"5.445117670404265","0.00873333359871074","0.005922952692523652",0.3235426296417605
"7.76325641381405","0.012451355596511155","0.00844448807650425",0.5255347862741071
"6.5353601560393955","0.010482006066505222","0.007108831516943393",0.4363898461012927
"5.00421478787281","0.008026236268816827","0.005443342043918493",0.26394222718729177
"4.200513543978887","0.006737147892584376","0.004569101250266271",0.12310784105736834
"4.161391286067887","0.0066743543545832555","0.00452656216016966",0.11486448141622249
"7.651909466890326","0.012272743777149604","0.008323372926800028",0.5186305468498675
"5.695911265810495","0.009135562844479415","0.006195737405273987",0.35332657765760567
"6.247514678043946","0.010020279020028965","0.006795725345225113",0.4104218719778016
"6.331707913828412","0.010155358180760674","0.00688730852633953",0.41826187326766406
"4.765307531479966","0.007643026042044075","0.0051834712794599155",0.22703994030991165
"7.532594156744383","0.012081461472411141","0.008193552435162652",0.511005305882356
"4.853394195740123","0.007784285344203529","0.005279295124109973",0.2410689446047005
"4.544652351172428","0.007289050632079901","0.004943464491251192",0.1895104985528589
"7.364398057708977","0.011811672800904543","0.008010646906972644",0.49983816919062196
"7.609538186497399","0.012204857836545758","0.008277283776973446",0.5159505108162816
"6.80374743795016","0.010912515401740052","0.007400830005526658",0.4586244597459329
"4.149256689170314","0.006654952038831301","0.004513343713323531",0.11227534964153804
"5.216384737306286","0.008366489444080765","0.005674142425202514",0.29388061578783403
"11.28581917606025","0.018101232261596926","0.012276123978747427",0.6736260995902785
"5.158943555885453","0.00827431383032025","0.0056116690088401575",0.28601844560305884
"7.68019076202689","0.012318075096945335","0.008354134125248474",0.5204029682376198
"7.018107378988958","0.011256137746519426","0.00763388820334942",0.47515628021279077
"7.495593709320902","0.012022097046272977","0.008153324315546885",0.5085918251826338
"5.164817263669185","0.008283796917291197","0.0056180371368580485",0.28683000594362146
"7.340915120407015","0.011773922040212837","0.007985091076890233",0.4982375107336655
"5.58153677034034","0.008952122047496309","0.006071339551008069",0.3400757729412556
"4.075398539141868","0.006536442377267951","0.00443299757131823",0.09618590274849664
"6.254552688498456","0.010031573814026605","0.006803395099486226",0.41108580213339746
"6.03416732048716","0.009678141745862944","0.006563670645146723",0.38957721218193114
"9.179075533660782","0.014722146114276427","0.009984568769751945",0.5987185748339805
"5.77432207521445","0.009261360846418822","0.006281027694927298",0.3621081253651236
"5.923686969206361","0.009500937564713385","0.00644350997396493",0.3781929361764872
"6.2580611412023055","0.010037171397552055","0.006807189005246005",0.4114150535834177
"5.547786557572998","0.008897998940078195","0.0060345676070552145",0.33605869347747597
"4.391481956429703","0.007043446918797892","0.004776840001576897",0.1612414186096686
"6.047824653371575","0.00970000411217736","0.006578531392383182",0.3909555666473175
"4.7630143517466506","0.007639264658240112","0.0051809735476196",0.22666669853747815
"5.502277739514377","0.008825012553643416","0.0059850857790016",0.3305681731510326
"5.877417011571987","0.009426707581681907","0.006393175381765488",0.3732974738489694
"6.136319718827133","0.00984190905071682","0.0066747884479321",0.39973859024819014
"6.787121951557954","0.010885750608345915","0.0073826807274888434",0.45729601357016136
"7.3994860812112355","0.011867888255336707","0.008048798235602509",0.5022092693477892
"4.557586232812512","0.007309839423343283","0.0049575309435408756",0.1918109527210726
"6.066764019192912","0.009730349378493626","0.006599113104108096",0.39285601117051994
"4.883922764464871","0.007833247229686745","0.005312520415089734",0.24581380903687636
"7.722250464315214","0.012385616437137939","0.008399870143502642",0.5230151596088706
"7.122003901540211","0.011422892443567909","0.007746974814323005",0.48281517728657086
"7.966940656780183","0.012777979736918481","0.008666006573599453",0.537664028098064
"5.200477010938726","0.008340971638372056","0.0056568200741205065",0.2917197629556729
"7.294529613842179","0.011699496893741904","0.007934677704299889",0.4950477093575739
"4.511248883933973","0.007235469591578084","0.004907119765623748",0.1835085490774009
"5.475657122043348","0.008782314242820782","0.005956153132953187",0.3273146336508084
"5.121428419587952","0.00821415615458765","0.005570823657965723",0.28078671490127993
"5.128095889251386","0.008224903336152768","0.0055780968155088005",0.2817233198821261
"5.318781124970849","0.008530725758136584","0.0057855013915779",0.30747372511712456
"5.263354854110416","0.00844182610005317","0.00572521274183595",0.3001810473505353
"4.265548780662145","0.006841413551443118","0.0046398372340897154",0.1364764817296821
"10.006616081851705","0.016049420043004574","0.010884705746044578",0.6319039878309205
"4.736091860939772","0.0075961210442687735","0.005151706320589228",0.2222720613709159
"5.4013480153560804","0.008663115394173443","0.0058753318843242",0.31806039549962606
"5.6353159960017525","0.009038420503279429","0.0061297896315472295",0.34637199793952933
"4.590198981265636","0.0073621301423407726","0.0049929747055814395",0.19755098178046926
"6.01969846416416","0.009654935295076899","0.006547930844296454",0.38810996419270116
"7.029552825737624","0.011274527217297535","0.0076463848150378775",0.4760121893622715
"5.790891026001354","0.009287803100754654","0.0062990716135289",0.363933081472104
"5.416988118514166","0.008688160706243052","0.0058923632085435525",0.320029788283224
"4.221582755097746","0.006770922274560685","0.004592024143325216",0.12748435649206655
"6.601398279460847","0.010587839780529964","0.007180664817221692",0.44202754123771637
"5.740440175149666","0.009206950087359406","0.0062441867004250405",0.35834311467231844
"7.854381617957431","0.01259754534000148","0.008543601873050012",0.5310394359508542
"4.417585235201005","0.007085246151381831","0.00480522935077341",0.16619644843358058
"4.595330921161948","0.007370399007599962","0.0049985748162139736",0.19844864880209429
"4.485613902171758","0.007194375151325461","0.004879271787606995",0.1788449078501115
"6.202323015560144","0.00994785978884003","0.006746553278158368",0.40612597470038564
"5.227848532309086","0.008384848124474788","0.00568662027034662",0.2954291367860866
"6.210402777924482","0.009960762212851493","0.006755371831102403",0.4068992217270116
"5.358245568194064","0.008593987744046783","0.005828479326115771",0.3125762330917698
"3.899068205499162","0.006253635359533365","0.004241218221310677",0.05531409490717213
"5.354076622654059","0.00858730277356681","0.005823881751072781",0.31203821469482723
"4.049067897777547","0.006494225597906243","0.004404370614527769",0.09030980344874051
"7.153346520942587","0.011473090275730532","0.007781018160074131",0.48507966218980253
"9.042752287794157","0.01450352986669346","0.009836248321411953",0.5926686495309341
"4.37865991692727","0.0070227972668314344","0.004762894583850173",0.15878430446256303
"5.975137952398381","0.00958344531986037","0.006499462246206058",0.383546637886457
"5.319703768023134","0.008532182449641157","0.005786490968724382",0.3075930065471211
"6.9086491322561185","0.011080639471023007","0.007514860910686578",0.46684207005022205
"8.496339917312358","0.01362710397796378","0.009241906969633892",0.566472731487488
"4.017764892460489","0.006444018036081804","0.004370301470410574",0.08322073809104961
"5.335776397112378","0.00855793087430329","0.005804043081392502",0.3096815114807525
"7.2645735493939645","0.011651404789923266","0.007902024647574085",0.4929636463260833
"5.307286920729674","0.008512362627317208","0.005772978533452005",0.30597362880228346
"4.767355870793388","0.0076462475329885475","0.005185697671909952",0.22737125994723886
"6.766873330227728","0.010853319743597295","0.007360651191279302",0.4556722042834424
"9.919657790468477","0.01590998138716295","0.010790135808278227",0.628677488116796
"5.67689002073947","0.009105065449921458","0.006175047634418727",0.3511599088511721
"7.461848825762809","0.01196789497307381","0.008116687050531196",0.5063707281730739
"8.066552106015878","0.01293771329081675","0.00877440631770614",0.5433740893976535
"5.2425328463175225","0.008408434994447676","0.0057026031233121674",0.29740340851524977
"4.45315040550749","0.0071423185632303945","0.004843927280320917",0.17285677565228152
"4.0832769274615055","0.006549100245473005","0.004441586120786663",0.09793150358177251
"6.1993476498250555","0.009943038149761827","0.006743343174884356",0.4058414939565756
"5.150622809521658","0.008261010068470019","0.005602602509065294",0.2848646675192034
"6.172031199059695","0.009899168739960617","0.006713672915174046",0.40321290544408217
"6.194075782080817","0.009934583017676468","0.006737609275044661",0.40533581821240766
"8.542736300204734","0.0137014918494218","0.009292361496095214",0.5688269393781263
"6.850931343899756","0.010988008866209209","0.00745207858499959",0.46235000920961494
"7.673356155609858","0.012307153100657562","0.008346711632057599",0.5199762168816935
"4.011202985808682","0.006433531089710577","0.004363200448089733",0.08172444403529246
"5.947050743295503","0.009538379847483822","0.006468926376420787",0.38063565793931214
"5.406102536936126","0.00867076775666324","0.005880474244045713",0.31865909732413483
"4.927957303321206","0.007903884284609095","0.005360411037397636",0.2525526385469484
"7.050324008518965","0.011307882757989413","0.007668919193203019",0.47755461879604233
"4.540483129735743","0.007282448216113342","0.004938892461951771",0.18876502908461273
"11.65695543551924","0.018696622799564074","0.012679568243864306",0.6840150795165759
"4.329257962057038","0.006943615063589446","0.004709149563344057",0.14918518912650522
"9.400260048562577","0.015077014177013908","0.010225141484717306",0.6081605866198828
"4.713808684988705","0.0075603922513948554","0.005127469792228688",0.21859581542635853
"4.607541555742478","0.0073899753971150344","0.00501183953827712",0.200571741100461
"6.043940525011452","0.0096938258484557","0.006574315478916544",0.39056482758198835
"4.81942651342097","0.0077298042264890374","0.005242313338399803",0.23571811666293888
"4.738300658997531","0.007599703174607752","0.005154087263473399",0.22263381947616193
"6.1040237096520285","0.009790210606583387","0.006639708365388443",0.39656500771611913
"3.844805935818624","0.0061666605525601955","0.004182191270101382",0.04198227856833631
"6.8360309802556545","0.010964138789878872","0.007435882468407066",0.46117857030211684
"6.284420871393087","0.010079490238774698","0.006835884489293079",0.41388483394947173
"6.287516972594849","0.010084415317812966","0.006839263096541442",0.41417354004386026
"6.411241622125811","0.010282921390024784","0.00697381022179547",0.425478200265825
"7.247901751330696","0.01162480533037194","0.007883960957744782",0.4917997191324352
"7.6609939556465205","0.012287355663668937","0.0083332720875917",0.5192019120770355
"9.675251332232667","0.015518007370074614","0.010524274934618464",0.619297485089832
"10.118085321154652","0.01622826531841131","0.011005926221003996",0.63595901501578
"4.209490212323438","0.006751560353600742","0.004578862282239965",0.12497777022470491
"9.306986004450241","0.014927333211969476","0.010123693629023156",0.6042335307089403
"5.314036295445078","0.008523061118759364","0.0057803514936490205",0.3068554057274399
"4.652517230856833","0.007462051907873827","0.005060770451795505",0.20829961021207785
"4.191214014591217","0.006722273747604133","0.004559001570585357",0.121163903820507
"5.832052613704374","0.009353870478523228","0.006343824774898057",0.36842192606654467
"4.954068156237923","0.007945763454620862","0.005388771826014301",0.25648999380079623
"4.104184968887524","0.006582655605226407","0.004464331054924377",0.10252741011510115
"4.317684334760629","0.006925022673186216","0.004696550848310125",0.1469035261264673
"4.863071296197982","0.007799785079777467","0.0052898010999766825",0.2425778439139557
"5.248375751786304","0.008417761774631945","0.005708924628600789",0.29818362471404963
"5.997198152405516","0.009618766833143146","0.0065234440101515755",0.3858132928502338
"4.742127610551788","0.007605827843773497","0.005158302358078358",0.22326395957422274
"7.713855638273631","0.012372114835868146","0.008390770532810806",0.5224965891458582
"5.61928969879557","0.009012700469992564","0.006112360599668107",0.34450785879855306
"5.910420282192915","0.009479575593547469","0.006429031105852632",0.3767948802943974
"5.352479432066622","0.008584820804597564","0.005822195628981898",0.3118358766131006
"6.05577618499895","0.009712782658171753","0.00658719433790506",0.3917559132695972
"5.854911693221995","0.009390555997723378","0.0063686761861251355",0.3708874300095147
"8.276461362197306","0.01327448514086229","0.009002738112658608",0.5549555524970509
"5.144880518280677","0.00825176598722339","0.005596354516699573",0.2840660871530051
"5.053628305333522","0.008105405731070036","0.005497093179524423",0.27113852836751223
"5.675697057431689","0.00910316346617605","0.006173767093898771",0.35102428986076784
"4.914968397337759","0.007883148334564933","0.005346271544895576",0.25057777140106113
"6.006778486998658","0.009634109831304256","0.006533873902703641",0.38679302805003873
"4.566616492647673","0.00732430188151891","0.004967354391164007",0.19340890247444256
"5.431810050301065","0.008711960777691985","0.005908455272813034",0.3218841622092144
"4.126516174929616","0.0066184432616915026","0.0044886075104226516",0.10738271713738909
"7.183135723981883","0.011520901295476145","0.007813457706705062",0.4872161417820725
"4.274009356509566","0.006855028454863764","0.004649097790309591",0.1381904628260378
"5.651183413821129","0.009063831685069345","0.006147077538794505",0.34820807648660185
"4.468489057081004","0.0071669316827537265","0.004860598208508133",0.17569532481560218
"6.368070549990473","0.010213638907747272","0.006926855295300301",0.4215832276431369
"7.846394503842629","0.01258468335603205","0.00853493629278211",0.5305623177196117
"8.122628484818188","0.013027801089839662","0.008835379295761659",0.546526601919213
"4.401318509414346","0.0070591862732223825","0.004787534142731604",0.16311512638672154
"5.913104778091617","0.009483901852432008","0.00643198385354302",0.37707913926275705
"4.933419622807527","0.00791264513960751","0.005366330508436852",0.253379063451674
"4.803565366640986","0.007704340891290808","0.005225083825877417",0.233195519740892
"7.479436519898131","0.011996107607366167","0.008135762543699793",0.5075302436686895
"4.080728212345744","0.0065450277248643735","0.004438810470082465",0.09736807385137236
"5.560813574250413","0.008918929569112404","0.006048770927023108",0.3376157288810205
"5.339280956344223","0.008563564033804535","0.005807784969339213",0.3101316081408536
"4.575040558444456","0.007337795766726698","0.0049764825242654956",0.19489175561464397
"9.597200312200957","0.015392780768543947","0.010439387290706235",0.6162014109273728
"6.340279960335457","0.010169100880753786","0.006896624446108111",0.41904808401851734
"7.830817837700688","0.012559741793666703","0.00851799655796325",0.5296287828791462
"4.9192945073584875","0.007889976938867364","0.005350962983397507",0.2512349513506544
"5.576926085678588","0.008944754613722398","0.006066270604327766",0.33952822242830655
"9.630849434655163","0.015446698055655787","0.01047597205373423",0.6175419875989224
"5.027481277555411","0.008063488841155262","0.005468653161775057",0.2673481174148619
"8.921981215096123","0.014309709707497599","0.009704900433757515",0.5871548342070018
"8.784967301491191","0.01409011308184532","0.009555887068329551",0.5807168239430462
"4.278040376849542","0.0068614311381847","0.004653456040459337",0.13899982853162085
"4.938234632176703","0.00792036329593451","0.005371562389934911",0.2541067142830936
"5.301864561087768","0.00850358109691159","0.005767097795181799",0.3052638671185921
"5.181214688375971","0.00831005364759393","0.005635845996276329",0.28908534453426543
"5.971580393486846","0.009577685168541154","0.006495594219012692",0.3831790707343052
"6.422914373835805","0.01030151285062793","0.006986499678182082",0.42652129930525023
"7.488620372475269","0.012010829491967148","0.008145728444264965",0.508133623279488
"6.109367356981598","0.009798711713547278","0.006645461036592791",0.3970903181472229
"5.882199045696772","0.009434371852982782","0.006398344680849924",0.37380573901362446
"4.0690976453397685","0.0065263494447194564","0.004426148726054916",0.0947869395354624
"6.858212301682275","0.010999768586951413","0.0074600458271083985",0.46292250726954
"6.574267722260149","0.010544399367718803","0.007151152806912324",0.43972531150982325
"7.438025326798588","0.011929685167739143","0.008090734949513059",0.5047888008719996
"3.9879496056960533","0.006396222413254597","0.004337876021482877",0.07636743710140231
"6.5440650313783","0.01049592680717643","0.0071183108873996695",0.43713963468458505
"5.815087293405537","0.009326752307586653","0.006325340565573963",0.36657886481245333
"6.823160666927837","0.010943564214028463","0.007421904365980363",0.4601631550875261
"4.133445407059167","0.00662957012764265","0.004496151247710959",0.10887975576738043
"5.138112585713632","0.00824093899064554","0.005588994996146632",0.2831234306167468
"5.867517927692382","0.009410789330954218","0.006382415667225999",0.3722401631500672
"4.967695080706955","0.00796763869926191","0.005403618884680984",0.258530966426881
"6.967537782680808","0.01117509700809249","0.007578917005244551",0.4713482869795599
"6.323714664448789","0.010142401634106728","0.006878635351092531",0.4175263844550482
"5.11130348215084","0.008197917824933964","0.005559825178179968",0.27936276105157093
"4.192206175682572","0.006723842292099614","0.004560086288600031",0.12137197042499609
"9.702387624758437","0.015561497264096667","0.010553788082299502",0.6203621117379755
"5.360627059332693","0.008597780052088664","0.005831017510686697",0.31287908726928015
"5.7248409363714154","0.0091819965528908","0.006227163444315158",0.3565930755571407
"5.919386798901123","0.009494059996721331","0.006438822311992824",0.3777409924938141
"5.584826113715477","0.008957422633344246","0.006074922810423033",0.3404648652283194
"4.496004683244108","0.007211104622199757","0.004890562319479078",0.1807427147936624
"4.968372770252831","0.007968660726861879","0.005404356730428552",0.2586314870096968
"6.703599671880346","0.010751786946768007","0.007291854343722706",0.4505349709379688
"5.751663287228328","0.009224937872316406","0.006256380042477005",0.3595945127004106
"5.9070938634090995","0.009474244708361133","0.006425439873503162",0.3764449508232709
"8.745361525976756","0.01402663290618094","0.00951278972696088",0.5788178599783768
"5.701926858705231","0.009145212661469419","0.006202245324114444",0.35400745321916144
"4.231367188106672","0.006786623668593973","0.004602654169177569",0.1295011220557764
"5.241969089340694","0.008407557827233111","0.005701974344404037",0.2973273745095986
"10.46848511236899","0.01679022255986705","0.01138706457342318",0.6481439520508375
"5.107073796158993","0.008191134387609164","0.005555225105311917",0.2787659701623761
"4.5813503500302595","0.007347974634452104","0.004983360728597463",0.1960021959302235
"4.971674585544926","0.0079739974672759","0.005407940424627045",0.25912385765236906
"6.578810889425812","0.01055170732358045","0.007156122522089533",0.4401131602356288
"5.8216619297452645","0.00933726565401492","0.006332522306094616",0.36729510873646337
"4.5518552024220424","0.007300644127581111","0.004951286903688399",0.1907927426698367
"5.43595151975884","0.008718675717891462","0.005912982241265063",0.3224023494319031
"4.602668793491448","0.007382154935484482","0.005006544540241838",0.19972565972042383
"4.585527125009755","0.00735463489269651","0.00498790001552776",0.19673382772885992
"7.68939092148772","0.01233287299095081","0.008364132060437419",0.5209767654857343
"4.5708582482395474","0.0073310808670804545","0.004971954017119583",0.1941562614849964
"6.608614095293279","0.010599415991793306","0.0071885089243282066",0.44263665533408825
"6.759565166279288","0.010841550494018321","0.007352723003102498",0.45508402879993687
"8.648009721987277","0.013870369706015968","0.009406886410780024",0.5740760084691019
"5.840318147361604","0.009367241980444809","0.006352810520426823",0.3693164129870597
"4.945648210538684","0.00793225718228554","0.005379617534759514",0.25522438610767856
"5.411669850393364","0.008679727351381419","0.005886534844180469",0.31936049613152023
"7.780475832565102","0.012478859026327312","0.00846320335383569",0.526584067096854
"5.386557903843467","0.008639406827698034","0.00585924658134403",0.31618819162922046
"3.963123150059725","0.006356395141634419","0.0043108887018935655",0.07058274533079913
"5.638858341344623","0.009044065315300803","0.0061336630296830825",0.34678312737465056
"5.552907157314274","0.008906231250385702","0.006040170552272828",0.3366724575420585
"4.80873553132683","0.007712670054978534","0.005230726462035684",0.23402138028910394
"8.032781760176057","0.012883635925621112","0.008737636242685786",0.5414540217708644
"9.551611253097263","0.01531961068300937","0.010389731119756683",0.6143685119574379
"6.503730004883018","0.010431255306319463","0.007074426429725909",0.43364869563113756
"5.223679199522174","0.008378127272626362","0.005682040794305695",0.29486441806863256
"5.949970056842858","0.0095430354555409","0.006472095572372628",0.38093913352421327
"6.996088657338093","0.011220867748663186","0.00761000953015448",0.47350653454023317
"4.676596135438587","0.007500693968749612","0.005086975966213325",0.2123769734226304
"4.897868104228504","0.007855695995812019","0.00532765418278698",0.24796013023746794
"9.81633696783016","0.01574422467194924","0.010677749194931327",0.624769075692219
"8.714932111032226","0.013977785162910077","0.009479677843528933",0.5773469021546436
"8.580235169491853","0.013761698098595052","0.009333114936555177",0.5707109217782985
"5.525421376765332","0.008862101981381439","0.006010299281807236",0.3333735116800084
"5.718838731791184","0.009172371215989822","0.00622064853287158",0.3559183393052281
"4.503360747699524","0.007222856576650246","0.004898525468009023",0.18207797379810922
"6.596720119112246","0.010580335279495453","0.007175600447531801",0.44163254575097344
"6.748010933852481","0.01082301477972263","0.007340157743023497",0.45415105784395204
"5.105993998956429","0.008189497907053055","0.005554062281852405",0.27861492170639773
"5.847734581109769","0.009379157271681756","0.006360895227914765",0.370117074561279
"4.825975670006595","0.0077403185974540024","0.005249460598519537",0.23675667835763695
"6.241408176241816","0.010010513812423839","0.006789098184452218",0.40984571414240145
"5.53450274785944","0.008876613524621222","0.006020178486136744",0.3344669573412391
"11.055630992699516","0.017731885933515525","0.01202575647850401",0.6668305969009622
"5.375921820321396","0.008622345123652841","0.00584764992619685",0.31483407824697157
"4.68600522918985","0.00751581020462463","0.005097204676643149",0.21395838821419128
"4.456247828512207","0.007147308108438126","0.004847297655812002",0.1734320446429534
"3.9965964738236237","0.006410048864893031","0.004347265483515256",0.07836383805569708
"6.372096466709987","0.010220106724836506","0.006931223103586086",0.4219483847825422
"5.208986148225144","0.008354584811345857","0.005666072171828389",0.2928762853507455
"6.13157054894158","0.009834353657660073","0.006669604950723529",0.3992734765114419
"8.439565997889906","0.013536074975123576","0.009180171195244754",0.5635568047364471
"6.873392000647677","0.01102412532211634","0.007476507597047808",0.4641073432720953
"4.406171047089229","0.0070669744090800695","0.004792854249325637",0.16403957966449456
"5.745315001002847","0.009214771719133293","0.006249468141478466",0.3588867636364383
"7.949313510862191","0.012749774595242905","0.008646870627317477",0.5366398446720944
"5.531236406872344","0.008871465164405195","0.006016605147412974",0.33407383288545794
"7.126513343285302","0.011430072791265677","0.0077518598501778516",0.4831416799525232
"5.1293473269239245","0.008226913239460853","0.005579462673468179",0.2818988092729493
"4.666509475734743","0.007484502570784909","0.005075987091673342",0.21067337851118811
"6.902450607387961","0.01107072663025063","0.007508144943466663",0.466364137145531
"6.9010845301116035","0.01106853286711568","0.007506649843743727",0.4662582461189907
"9.26258001363491","0.014856166971465844","0.010075396795467775",0.6023364236852025
"4.310515496899016","0.006913543182675089","0.004688785134623992",0.14548717357317206
"5.704060707528249","0.00914863730230466","0.006204573641656113",0.35424941245060315
"5.283686834567042","0.008474430635158663","0.005747337808625455",0.3028743532806759
"5.459467632191683","0.008756288133243358","0.005938467104773942",0.32531613420540384
"5.016962731507467","0.008046630176553209","0.005457239464151058",0.26581355954900054
"4.259195548848135","0.006831287567750869","0.004632937458503859",0.13519004027404016
"4.721110789416945","0.007572148155423399","0.005135386524000743",0.21980341302899667
"5.330651729920337","0.008549766597749784","0.005798424542239359",0.30901638343226717
"6.117502687488956","0.009811742118828279","0.006654342438524518",0.39789306574107547
"4.340100186027427","0.006961026178662006","0.004720934844120548",0.1513103746631289
"6.952152798624701","0.011150426258607925","0.007562207816749625",0.47017909058312535
"7.867875346641985","0.012619093190358989","0.008558281653488964",0.5318433844570319
"6.182172147882839","0.009915524817249478","0.00672462595393942",0.4041898621452635
"5.784317844431227","0.009277396257498767","0.0062919151944075095",0.36321103023485324
"5.415245138058247","0.008685387395390692","0.005890421012492437",0.31980912155085583
"8.24023800937306","0.013216406517984463","0.008963324869722018",0.5529990387101003
"3.8327308217689393","0.006147259098703823","0.0041690541811511515",0.0389632378143703
"7.446026014565473","0.011942666847162348","0.008099415929636125",0.5053210719571184
"8.682065656664369","0.013925020258094577","0.009443917737696641",0.5757465971455298
"5.0484453486693575","0.008097115377145706","0.005491457882634695",0.27039058833177415
"4.624038998207336","0.007416428438066984","0.005029816552879363",0.20342571647191957
"6.078263950815846","0.009748825768943571","0.006611639163056206",0.3940055101722772
"4.368331243432401","0.0070063069618441125","0.004751642920615511",0.1567951755402103
"5.490254971269146","0.008805742257030265","0.0059720084019427196",0.32910234617843487
"5.904187749107919","0.009469672145666847","0.006422299382217544",0.37613940700650467
"7.624681067652097","0.012229135872677186","0.00829375916173051",0.5169118900124607
"4.178696423919367","0.006702140201780063","0.004545372448084328",0.1185295344027219
"10.29175393098009","0.016506837812051423","0.011194868324843094",0.6421025150434051
"5.14850845450959","0.00825762050280809","0.005600294161951737",0.2845705922814108
"9.466681566355696","0.015183459644425622","0.010297385747779471",0.6109095436977909
"9.484543755283688","0.015212138021548088","0.010316810972694417",0.6116423353096134
"6.695021598943702","0.010738158515461659","0.0072824989270773395",0.4498309857755099
"7.637370887167995","0.012249526288926449","0.008307609080682152",0.5177157298283265
"4.145423592159961","0.006648817405481727","0.004509169948182786",0.1114543809347871
"6.477547168285845","0.010389221161323675","0.007045998232233399",0.4313607894684732
"5.072506461121627","0.00813566268698613","0.005517613165734674",0.2738501736348897
"9.141057252835388","0.014661292041704114","0.009943201754617331",0.5970497925677916
"4.302389844790994","0.006900506266069391","0.00467992225238609",0.14387159953804265
"5.184259525597848","0.008314895691620076","0.005639175184689994",0.2895033072169373
"6.269388293643025","0.01005531622282773","0.00681951874721125",0.4124786099664832
"5.682098495006624","0.009113419429462364","0.006180709384185916",0.3517545191905969
"10.601388770792186","0.0170034147207889","0.01153170901258849",0.6525559281949262
"7.815522175767993","0.012535086567220036","0.008501342932139272",0.5287074017656607
"6.009837129250259","0.00963907833276791","0.006537207869551248",0.38710578684391383
"4.77154446571171","0.0076530030082322545","0.005190249981299729",0.22804968963245273
"6.941288583391701","0.011133098453998038","0.007550435235124397",0.46935151714784906
"4.344463877597102","0.006968014233749703","0.004725680089260935",0.15216258795684254
"5.953025394563671","0.00954797301561368","0.006475376751978445",0.381255611976751
"6.146716472143622","0.009858618206427649","0.006686100108048263",0.4007542012093724
"6.719392462485262","0.010777121172967433","0.007309038811248679",0.45182658280104554
"5.860539915628407","0.009399562921930933","0.006374807716225408",0.3714918068009748
"5.3835640841060926","0.008634612421599462","0.005855976189073988",0.3158073793242653
"8.399854643294292","0.013472328952894574","0.009136990111363012",0.5614935476521234
"3.927715621115852","0.006299571088803825","0.004272357287827748",0.06220230887476938
"6.8299340724436775","0.010954415190250769","0.007429242331569605",0.4606976474172026
"5.236761788154513","0.008399126192829846","0.005696279828149093",0.29662653955108614
"5.161659935132159","0.008278654967768004","0.00561459444940034",0.2863926490879099
"5.581125968379159","0.008951511836837494","0.006070853828149017",0.3400260073502396
"5.71979771711461","0.00917392728847476","0.006221733623281651",0.35602808488661225
"8.874477903400209","0.014233656356429647","0.009653211184143348",0.584945103569094
"6.9230785667143","0.011103811705378233","0.00753062220866103",0.4679551905799544
"4.717117873882068","0.007565815934704288","0.00513105673514736",0.21914456645191616
"8.05443703730718","0.012918351622376818","0.008761212293072886",0.5426872122998219
"5.038453499191606","0.008081071944577986","0.005480588274229358",0.2689434666031769
"4.598725173917832","0.007375810044934175","0.005002262619806699",0.19903961900847525
"5.5919218976012495","0.008968784636666827","0.006082610308101074",0.34130036995391344
"6.819125862178871","0.010937104150405785","0.007417502894937755",0.45984345661381604
"4.932180976868684","0.007910660516669865","0.0053649842846537656",0.2531916389575402
"6.643265403508231","0.010655051306386923","0.007226218028957213",0.4455446888309723
"8.075251789192446","0.01295177974500084","0.008783850774453235",0.543866093470055
"6.3871799399144145","0.010244250222687863","0.006947674227093755",0.4233145400732686
"5.862867328575728","0.009403353525471808","0.006377330862571289",0.37174141231260993
"6.888737242679414","0.011048713449364821","0.007493242929214338",0.46530212690745304
"5.423081190858227","0.00869798832996553","0.005898960919222435",0.3207929360077855
"5.9390287824004355","0.009525532079320472","0.0064601980637366465",0.37979911480553796
"4.948906745629836","0.007937531290476526","0.0053831793667317345",0.2557161532010482
"9.208253965448009","0.014768965348075407","0.01001630480515616",0.599990142309043
"6.151261340590165","0.009865839306572104","0.006690996924658738",0.40119494033603886
"9.06650594748039","0.014541607203649843","0.009862110471211761",0.5937361398799814
"6.70497618756773","0.010754008514071567","0.007293377958857182",0.45064859108511435
"4.473011185849195","0.007174206282990822","0.004865516800559563",0.17652892672326664
"4.487406400905028","0.007197305812250932","0.004881201104991937",0.1791723172991745
"7.2615939954573525","0.011646761037773724","0.007898779828585554",0.4927561438782795
"4.6628426385843404","0.007478632058016189","0.0050720232303410676",0.21005421615376735
"8.254576206035061","0.01323932896219987","0.008978947002052356",0.5537756867543498
"5.5666922040013835","0.008928269747165207","0.006055140126095253",0.3383134913863978
"4.410449429093236","0.007073820167832261","0.0047974694611791",0.1648477881113327
"11.225489009217238","0.018004391014029196","0.01221055041908111",0.6718723912673135
"5.485666902046202","0.008798344738217188","0.005967055572577655",0.3285424957379216
"5.256824336084537","0.008431338951165322","0.00571810890083722",0.29931153846906483
"4.168178874106884","0.006685276493842233","0.004533921603767681",0.11630464108615622
"6.279344396215185","0.010071382245606674","0.006830365166543664",0.41341129302088725
"3.9511102238990206","0.006337127761129459","0.004297805966527606",0.06775568183903723
"5.368126914988281","0.008609809514436849","0.005839163519585466",0.313838550401885
"5.688864075896736","0.009124353538610408","0.006188078283015411",0.3525264676279343
"6.068521096140926","0.009733179745372533","0.006600973617465645",0.3930301425875521
"5.964793537149451","0.009566796330784421","0.006488210321006718",0.3824771624996214
"4.798594314645254","0.00769639219963097","0.005219678218772542",0.23240150937515927
"7.069995923711221","0.011339442608912285","0.007690368133777182",0.47900963013811565
"5.2503243917163465","0.008420898345445002","0.005711008486794855",0.2984425602366072
"4.110749196087247","0.006593167200592522","0.004471471128618069",0.10396027672385454
"5.310188213847146","0.00851688871289184","0.00577615261880495",0.306352518116869
"6.025332653550826","0.009663929877757542","0.006554044600129368",0.38868132859749366
"7.775175032615676","0.012470462901786255","0.008457454013423302",0.5262620916531308
"4.432506891978952","0.007109234333892068","0.004821462831561184",0.1690042374223847
"7.622362484798262","0.01222550711058817","0.008291285581971864",0.5167663823631191
"10.23514010261172","0.01641584171214811","0.011133268164385856",0.6401221893102149
"6.723394756781324","0.010783540802673212","0.007313393684435092",0.45215293931657785
"4.218072157591157","0.006765329939117765","0.004588219663426371",0.1267597233966055
"4.905160084056923","0.007867300274427827","0.005335593616398238",0.249077566174708
"5.708240991186275","0.00915538913253281","0.006209159595109495",0.3547241786274159
"8.961956576330422","0.014373895002733386","0.00974838126931284",0.5889965331038853
"8.630884002750546","0.013842890922640027","0.009388279403857697",0.5732312025993912
"5.13592164004432","0.008237390446998276","0.00558659771002935",0.28281661697949906
"4.5062024466686275","0.007227425797068834","0.004901626841135627",0.1825945541384492
"5.097516969862748","0.008175853285935251","0.005544837112757559",0.27741461058934325
"6.052468717846631","0.009707416660473311","0.006583579971948849",0.39142253962605306
"5.012292018408872","0.0080391239958937","0.0054521362613200895",0.26512812182633855
"4.611708837138322","0.007396637643276475","0.00501638991274387",0.20129491382722942
"4.640383880622082","0.007442644138610262","0.005047548083791426",0.20622870349884792
"7.064397373811594","0.011330461702970276","0.007684310503378952",0.4785975523709016
"5.0626017668799115","0.008119811580981594","0.005506806597516366",0.27242822241760334
"3.8911501913558073","0.006240952606869806","0.004232614986351114",0.053392851437385834
"4.186213019014113","0.006714197171442123","0.00455356156333072",0.12011321917544564
"4.696386994819901","0.007532466353478791","0.005108493786405673",0.21569584666652178
"7.181187970403194","0.011517821178730726","0.007811341120132546",0.48707732119645414
"5.981518153094985","0.009593610885091013","0.006506432422340354",0.3842047759591519
"5.506100185951929","0.008831170917660704","0.005989266624454615",0.33103409122862415
"9.44113136350863","0.015142481598052565","0.010269539931491172",0.6098558057099972
"7.021222355993739","0.011261190842129846","0.007637341372101211",0.4753910796910902
"6.673280377252405","0.010703126502379843","0.007258880575270546",0.4480385349524405
"6.440435666445076","0.010329698682904955","0.0070055932558064455",0.4280830206876598
"7.7513193813151995","0.01243225608654349","0.008431532821297136",0.524804915956816
"5.020531261414567","0.008052332278602572","0.005461102760693732",0.26633427611681143
"5.008994104816492","0.008033786135227473","0.005448529292567774",0.2646428145551497
"5.058688599028239","0.008113494228234333","0.005502593485246841",0.271867154278266
"4.751986908081781","0.007621628956515382","0.005168998598256142",0.22487379216828973
"4.999528791772597","0.008018660287236083","0.005438233573571004",0.2632511628709668
"5.287255832214069","0.008480170224157887","0.005751188336656321",0.3033436297032646
"7.51214351174772","0.012048648927904578","0.008171353802319072",0.5096750832872352
"4.250762438388898","0.006817706930197853","0.004623768430359077",0.13347387292937465
"5.962575781603541","0.009563278497821655","0.006485815697895374",0.3822483817503249
"8.875609770589586","0.01423549306818511","0.0096544855403555",0.5849987939465888
"6.544939932474576","0.01049727763142758","0.007119268641785046",0.43721475194410087
"5.324720260410715","0.008540228257692614","0.005791942700131538",0.3082451116987435
"8.179896603780591","0.013119653241721782","0.00889764962378044",0.5497009725881662
"5.174482902428998","0.008299297191989359","0.00562855327288443",0.28816225490969055
"5.81781278862676","0.00933110878056832","0.006328341239635347",0.3668768435217471
"4.480501242313524","0.007186220973028084","0.004873667252938235",0.17790574028443276
"4.850288212498244","0.007779175938753777","0.005275890149766824",0.24058018032046638
"4.8434495315733495","0.007768337970459613","0.005268470692440188",0.23951033906240657
"5.04306729311854","0.008088517219541992","0.005485584877031952",0.26961163860179777
"5.481300840804313","0.008791345129579839","0.005962312390042305",0.3280079330138345
"7.221985670006146","0.011583254920806637","0.007855722306587199",0.4899749496879471
"5.5215192469178405","0.008855829861059587","0.006006049376662867",0.33290206576405645
"5.493804097944788","0.008811406667865368","0.005975904739299503",0.3295370319758688
"5.22597713828244","0.008381878817969736","0.005684547233602593",0.29517539266543913
"5.874244179782466","0.009421562477027759","0.006389703418677993",0.37295781257048705
"7.73734080062223","0.01240976589312402","0.008416301397720483",0.5239455671626514
"4.840991359838739","0.007764375830872311","0.0052657815522119365",0.23912314554924283
"4.413025570903828","0.00707798430722155","0.004800260074736043",0.16533497407476647
"5.090543072608178","0.00816464167539273","0.0055372374184561625",0.2764237638165285
"6.450718420369288","0.010346128776688501","0.007016762968335562",0.4289938459901593
"4.538431472889349","0.007279150283946468","0.004936685413610106",0.18839972490581855
"10.172483940198537","0.016315473088195153","0.011065148535116765",0.6379062852872763
"7.50302596489222","0.012033974349867914","0.00816141998842721",0.5090786607834696
"5.272496482932916","0.0084564422122069","0.005735170916514397",0.3013946602892585
"5.616856578322863","0.009008763774884404","0.006109758286656991",0.34422541895502873
"5.8988879856461125","0.009461123637617898","0.006416498634632081",0.3755772599875438
"6.231154104785925","0.00999405371238981","0.0067779536668403",0.40887476559115044
"5.688210098099423","0.009123222280515453","0.006187351847991702",0.35245080739531814
"6.5008259237199795","0.01042656632205477","0.007071241861228392",0.4333947416683694
"6.466571233471735","0.01037156291793705","0.007033991018224255",0.4303932387276947
"7.328915578692843","0.01175469622069259","0.007972031879852515",0.4974159161129267
"5.433533553682282","0.008714860489212894","0.005910319571924429",0.32209994794143787
"4.724613628760644","0.007577666202209882","0.005139186295676126",0.22038014947232534
"5.325977590003308","0.008542181932647523","0.005793340297991842",0.3084092032389542
"6.972163179493577","0.011182525816302311","0.007583985888099578",0.47170003051755494
"9.541567555569094","0.015303464658699471","0.010378784796542292",0.6139621889196096
"4.491052741692532","0.0072031375504494856","0.004885148089529768",0.17983734040724672
"6.01234802115762","0.009642996516852976","0.006539905375263506",0.3873598181376214
"4.878411605953964","0.007824455678807496","0.005306508895276499",0.24496141030080187
"5.117837595595271","0.008208492875084227","0.005566929823901181",0.2802835850753171
"5.473610499476994","0.008779004005073011","0.005953934582144997",0.3270632063464696
"4.672141559936204","0.007493569275521914","0.0050821355634981975",0.21162654713372722
"4.827960269870717","0.007743486294605711","0.005251613421453468",0.2370699349289109
"8.999375494000942","0.014433906732089897","0.009789072390459124",0.5907052745972844
"7.594421994739853","0.012180592046559406","0.008260836020730014",0.5149868400148627
"4.925823097281817","0.007900447111073784","0.005358070014568288",0.252227630193687
"4.981175205086686","0.007989254517377408","0.005418266096619721",0.26053668549653974
"6.9599546788429105","0.01116295271588893","0.007570718462505106",0.4707737003183807
"4.871878178272038","0.007813921605017947","0.005299384532822338",0.24394735258219907
"8.485260701213697","0.013609449383766301","0.009229842296790115",0.5659068379753844
"6.350807691696725","0.010185944604683757","0.006908106662275322",0.4200118352525475
"5.254171365817601","0.008427148362743702","0.005715223497453855",0.2989583376193555
"5.538984594221153","0.008883900958558892","0.006025017934220338",0.33500479939968386
"5.066473673534476","0.008126017186444338","0.005511068958715571",0.27298670477093545
"5.40792982186929","0.008673703058683691","0.005882466607925769",0.318889559060571
"4.5185466047708","0.007247214546231085","0.0049150659055882655",0.18482821825474138
"4.458728568323796","0.007151231811260912","0.004849967013593039",0.17388939209554086
"4.034937532029474","0.006471562435547245","0.004389019314577558",0.08712554513192514
"6.5229961649646695","0.01046213050038686","0.0070953942328680075",0.43532163658868717
"5.955909575288662","0.00955260451348733","0.00647854875364895",0.38155652046054694
"8.008213084406885","0.012844205599464953","0.008710934073552334",0.5400475764271051
"7.935602962251458","0.012727798078154738","0.008631930027547094",0.535838797561372
"5.509004685381972","0.008835810443188303","0.00599242496559608",0.3313865906891707
"6.187037155350336","0.00992332346254026","0.006729949307654608",0.4046593732424909
"4.141703085447164","0.006642821465893953","0.004505162974978328",0.11065873290390306
"6.097721967523611","0.009779945568542349","0.006632827078055887",0.3959394299350483
"4.956025302247836","0.007948860231254126","0.005390828736496848",0.25677947471945906
"8.805107514009357","0.014122308466468702","0.009577676505794549",0.5816735932415215
"5.744364230341876","0.009213305540178397","0.0062484401513172826",0.35878132981503597
"6.345429654249614","0.010177328453996628","0.006902256452256266",0.4195203207121895
"6.755802116184007","0.010835504512298583","0.00734860565640175",0.4547797805769864
"8.387716642456999","0.013452872393920127","0.009123720794685392",0.560857828460051
"9.887707917913266","0.0158586318004984","0.010755395738449462",0.6274775508595585
"7.557938274109713","0.012122135820958148","0.008221138206995946",0.5126455603670811
"7.0999045017308955","0.011387370508219297","0.0077229124232248356",0.4812043968206357
"5.063662134953792","0.008121504071754977","0.005508017319429614",0.27258332958395687
"7.417119168452636","0.011895918583538515","0.00806803500484883",0.5033928574037012
"6.143326226430186","0.009853153761619495","0.006682405065473438",0.40042308131330123
"4.547379766489237","0.007293426086181618","0.004946410642610689",0.18999536349383128
"7.313769150885452","0.011730422405854674","0.007955519017960225",0.4963742974744484
"7.976360178233315","0.012793186631102349","0.008676307169183032",0.5382114852090025
"5.757215860138572","0.009233861431165575","0.006262391524032197",0.3602112072510955
"4.036227240846747","0.006473639080725463","0.004390399927234687",0.08741563264045817
"8.565097578988755","0.013737496336561315","0.00931665034018091",0.5699524967239131
"5.98910999743714","0.009605857624921537","0.006514644006114133",0.3849842094719572
"6.330812180162281","0.010153830241709105","0.006886364481100025",0.4181799559794246
"6.060163251388958","0.009719804263412244","0.00659192172924042",0.3921945948757222
"9.379193025487906","0.01504321785999061","0.010202217245443065",0.6072803156088212
"5.982182311081186","0.009594736178448457","0.006507117642955078",0.3842722433789084
"4.61631034321023","0.007404013934162733","0.005021399630220376",0.20209127390840945
"5.42115593876369","0.008694860723383829","0.005896864229045964",0.3205512822079189
"5.801684977020252","0.009305214874988746","0.006310779383751434",0.36511595355929777
"4.847454677965833","0.007774769606035755","0.005272836505597541",0.2401392621398011
"4.806835852370068","0.00770962141895686","0.005228635372781378",0.23371729134381172
"7.565382758602012","0.012133989184048635","0.008229241553142207",0.5131248750281422
"4.244764629215911","0.006808087166776307","0.004617220054027771",0.13224777722502556
"4.588323199516165","0.007359133088312805","0.0049909447036701185",0.19722368586378042
"4.29972563240353","0.006896239675560998","0.004677026291106621",0.14334134803584994
"4.633656108698216","0.007431805290097242","0.0050402709875038984",0.20507805664127357
"3.7874139748177527","0.0060745155954170585","0.0041197740866490565",0.02746445131828368
"7.001968445265265","0.011230233360750875","0.0076163708934168925",0.47394743377767723
"5.470236292649137","0.008773642809982196","0.005950238888178258",0.3266474643780442
"5.51177373744823","0.008840268642750474","0.0059954313175020636",0.3317223959197612
"6.630020563207916","0.01063375507673479","0.007211792493489615",0.44443621980492404
"5.538192736976997","0.00888264101861942","0.00602415627882254",0.3349097863048949
"4.4192523173434965","0.007087912682949638","0.004807018295882106",0.16650931150352521
"8.417329229987473","0.013500364328577284","0.009155957335735113",0.5624031975900098
"6.2163057552970375","0.009970222156162742","0.006761783511858016",0.40746207395637957
"6.029124658931612","0.00966991742206224","0.006558170640089867",0.38906521779965775
"6.296443053559689","0.010098740023589068","0.006848964600292075",0.4150038315461001
"4.868047366860645","0.007807758350623836","0.005295215480335528",0.24335208126568034
"5.347104654018699","0.008576084445424159","0.005816313386855253",0.31114156414671484
"5.096126849177716","0.008173618127499825","0.005543313097710355",0.27721687081500856
"4.681590252512282","0.007508751736156089","0.005092394931977915",0.21321694284890497
"6.126450157943127","0.009826110243262586","0.006664062582614772",0.39877211589597156
"4.8902623797270754","0.007843470126910385","0.005319370613766368",0.24678966545024125
"5.761259964178664","0.009240390343772456","0.006266804522377628",0.36066115916968
"7.526545161541728","0.012071723483069691","0.008187020644996493",0.510613220402127
"3.863216661712515","0.006196121051987602","0.004202208185022398",0.046545923692662194
"7.927019092967455","0.012713953375019356","0.008622632298109185",0.5353366628650347
"8.614067875050262","0.013815934837859933","0.009369945702619228",0.5723974129872783
"6.533024008257738","0.010478179574845412","0.007106310841073988",0.43618844912744
"6.430027491799218","0.010312922060453669","0.006994220580268221",0.4271552047330988
"6.9914708851732685","0.011213487227764059","0.007604981681971653",0.47315879788798987
"5.7294294431700425","0.009189366209714694","0.006232196005568049",0.3571100324330239
"8.8100020510315","0.01413015796924399","0.009583112406794287",0.581907822776424
"5.428030686682053","0.008705941872031194","0.005904348476337929",0.32141255198201835
"4.555985907541747","0.007307289987417447","0.004955788362556695",0.19152716557991073
"5.850474605148097","0.00938345114702394","0.006363841345172876",0.3704100756913584
"6.3199132889455365","0.01013639694858661","0.006874477558310845",0.4171758801772881
"7.009137799089882","0.011241843120063162","0.007624216323749566",0.47448728094120024
"3.9165006995927953","0.006281607298559141","0.004260178924103839",0.059519001337733
"10.811858946512164","0.01734096243047698","0.011760632796445035",0.6593192625654748
"5.051373579252823","0.008101800203516616","0.005494640415392415",0.2708132901433094
"6.55277079935246","0.010509811705408614","0.00712779007744472",0.4378872585410988
"5.3815217874115175","0.008631291095846","0.005853799187034136",0.3155492799851374
"6.729368642324795","0.010793098901533406","0.007319856934900898",0.4526381800322032
"8.839893178118965","0.014178041466170356","0.009615580201121146",0.5833206200443373
"4.165259389477449","0.006680587260802083","0.004530782658308403",0.115687828438657
"8.687366815111124","0.013933522370576965","0.009449708258235703",0.576005887086583
"4.261203599757049","0.006834479521219914","0.004635139920026544",0.1355984496876072
"9.993042116419167","0.01602774007882424","0.010869961513907837",0.6314044778774133
"5.450205157927795","0.008741504685073525","0.005928457860580626",0.3241729374211119
"4.28076727630348","0.006865853207524565","0.004656404253216884",0.13954770980838202
"10.394888450364476","0.016672118202030118","0.011307110982517857",0.645653817799863
"4.9129666205086","0.007879814419204543","0.0053440844650036075",0.25027065057760045
"6.102566128805212","0.009787831484423224","0.006638029432193116",0.39641743028083243
"7.7987654638767605","0.01250832303371847","0.008483082370826425",0.5276945265518524
"7.205482130360071","0.01155671194209644","0.007837793223981437",0.4888069839817799
"5.304348418139454","0.008507525346336791","0.005769794647617879",0.3055886183650868
"6.2271852220764865","0.009987587331701143","0.00677356717786768",0.4084951079045109
"8.336958167918969","0.013371628249775159","0.009068547995028913",0.5581854828079473
"4.99033267856205","0.00800386631618476","0.005428208555516955",0.261891935035669
"6.379472476755547","0.01023199300063032","0.006939276688938086",0.4226180184885602
"5.114769789797193","0.008203456676914694","0.005563593357256548",0.27985083368467006
"7.811097385788538","0.012528001507339483","0.008496497033024871",0.5284397933676274
"4.1238506068821215","0.006614182094945794","0.004485727687269568",0.10680741490311657
"9.155562673930403","0.01468446122530305","0.009958976276226715",0.597687857458332
"8.088492520409314","0.012973126599094113","0.00879828482959093",0.54461380300269
"7.241628780030817","0.011614722604111874","0.007877052546740353",0.49135734599022063
"4.323018152619252","0.006933616631531988","0.004702361714594643",0.14795722195085576
"5.1806535582829305","0.008309199740253575","0.005635262387189675",0.28901003007898957
"4.479365786167023","0.007184428364837583","0.004872402332617062",0.17769582284623292
"6.381946196607276","0.010235892043894003","0.006941921058684596",0.42283996001489804
"7.233461099921548","0.011601731150402406","0.007868259224503281",0.4907857259379581
"5.89069185712524","0.009447989513973597","0.006407597285889288",0.37470904858470344
"4.744288092021451","0.007609253327031276","0.005160619023729346",0.2236153589678167
"6.392413989574009","0.010252667073515614","0.0069533801813956055",0.42378724878407337
"4.873250131469215","0.007816154779212532","0.005300881217254393",0.24416077479204085
"4.252571178761856","0.0068206418606455614","0.004625764524120968",0.133844899261331
"5.235910111612763","0.008397772993419664","0.005695362516904678",0.2965126637647591
"4.004773385171245","0.006423196811266699","0.00435624412215524",0.08025278609201195
"4.360850695951821","0.006994280191724885","0.0047435423861225115",0.1553507995396315
"4.374705261441886","0.00701651598223582","0.004758597536703364",0.1580249626965842
"4.529809361517784","0.007265258424425202","0.004927295820210922",0.18685348138871363
"5.83528532900122","0.009359080101392091","0.006347350594399143",0.3687723471973983
"5.219226707747845","0.008370992926204496","0.005677218952347114",0.29426392482235203
"4.904418073984206","0.007866138785973031","0.00533478412295287",0.24896412595300707
"7.882167019872184","0.012642016608481696","0.008573824622618664",0.5326921782819423
"5.8264678266912995","0.009344916957302364","0.00633775032619411",0.3678165885989083
"5.100515287849516","0.008180600022556158","0.005548086139305562",0.27783818383374065
"6.652683820993798","0.01067007702390195","0.007236449178040385",0.4463288062336673
"5.403591099955683","0.008666745379362056","0.0058777473047658575",0.31834268843373315
"6.406763848397999","0.010275670113581818","0.006968962354801978",0.42507694340299623
"5.391662726158163","0.008647595328477909","0.005864800933472461",0.3168357004459322
"4.892893571359362","0.007847636358132723","0.005322270117033706",0.24719612991250647
"9.08967672738574","0.014578739469850065","0.009887312805943453",0.5947716405847062
"6.166675649766854","0.009890608598899123","0.006707791537528581",0.4026929507154114
"5.572403979385281","0.008937440596512589","0.006061373188387963",0.3389926254143706
"6.300630583563104","0.010105489413454433","0.00685350944360172",0.4153925153308703
"4.94175316741575","0.007925971877741628","0.005375376164259933",0.25463673896620226
"5.790199386121721","0.009286784883440355","0.00629827103172012",0.36385595592337944
"5.196734080971155","0.00833496960093076","0.005652748938473732",0.2912096486143945
"4.09401730021741","0.0065663303955332784","0.004453277081434437",0.10029868758010402
"6.8439559566025565","0.01097694462587639","0.007444515297131143",0.46180333954004116
"8.159661176062029","0.01308714883993011","0.008875696662658616",0.5485851808082154
"7.893878987470079","0.01266081888174388","0.008586489054046261",0.5333840549273338
"5.167082155500946","0.00828737713528571","0.005620517993042511",0.2871429396768979
"5.768400480659634","0.009251835538974594","0.006274572723812106",0.36145256350991933
"4.81634623895785","0.0077248355181757196","0.0052389646725192855",0.23522912414027397
"5.373445212478646","0.008618385560636306","0.005844966933007687",0.3145188742497469
"7.19148287790469","0.011534325963853925","0.007822570893990627",0.487812327463504
"6.360293986287888","0.010201211982457742","0.006918433853948677",0.42087746568486956
"9.746303945831539","0.015631891218677085","0.010601586399755253",0.622073004689945
"4.306571740169259","0.006907174726447136","0.004684474395305543",0.14470264889733425
"5.1893336561163705","0.008323134861478941","0.005644702595781273",0.2901993364865936
"7.573331380795172","0.01214676509677854","0.008237886523290504",0.513635969476705
"4.777357749679124","0.00766230145822319","0.005196586685890686",0.22898949200298857
"7.3226746387403026","0.011744740281092706","0.007965245992013698",0.496987887886083
"5.693149420951387","0.009131121685621007","0.006192720444333864",0.3530122794295757
"6.315157532781185","0.010128773008679995","0.006869304855991792",0.41673700755462945
"7.165354266690911","0.011492463813949551","0.007794118648078336",0.4859440857949021
"6.8816083857023775","0.011037309215008586","0.007485491409337708",0.46474845065226467
"5.77439379552206","0.009261400283375095","0.006281118466415723",0.36211597049859867
"4.36385554449372","0.006999126506788091","0.004746818515661971",0.15593325912943537
"4.285492841370456","0.006873393024175818","0.004661535359489806",0.14049536017700887
"4.424359685703022","0.007096087524141209","0.004812580995891149",0.1674717247685915
"6.20734595513451","0.009955861295576551","0.0067520369047707595",0.40660683596581854
"4.899493388507575","0.007858203343583954","0.005329417425204895",0.24820832860893868
"6.114545907110248","0.009807054697228798","0.0066511218350429",0.39760212449967136
"6.132545774040885","0.009835886121933313","0.0066706809216581925",0.3993693083005944
"5.3977807776265845","0.008657447507513436","0.005871394657781844",0.31760770378799413
"4.234707858626562","0.006791950540170138","0.004606310761079736",0.1301890168551949
"4.8613816815358915","0.007797116073232621","0.00528795542762216",0.24231460726497803
"4.154553262665677","0.006663408995803086","0.004519113263106177",0.11340714980723512
"3.820522345281239","0.0061276532711465005","0.004155774413805142",0.03589182450414452
"7.043837447529017","0.01129744515456544","0.007661928362316116",0.477074991179299
"5.597292606539552","0.008977420850931915","0.006088456250510319",0.34193274035312454
"7.110842160900189","0.011404972763712006","0.007734825556531355",0.482003075868923
"4.35467826466249","0.006984391724749606","0.004736796748676526",0.15415161717055126
"5.588948665676757","0.008964063282356063","0.006079377321400781",0.3409503742458061
"4.7329037471990825","0.007591003151908127","0.00514820058906028",0.2217459914696797
"5.1771817119658685","0.008303666309576147","0.005631496937430718",0.28853408190813573
"7.406596856043046","0.011879294386645898","0.008056571951013997",0.502688082494789
"6.515491859725558","0.010450009902532878","0.007087212671115504",0.43467020848234483
"6.273121694829881","0.010061378707049186","0.0068235943303883995",0.4128292071721516
"5.519757592422788","0.00885305753922085","0.006004123992803889",0.3326892113998986
"5.289803464392428","0.008484246926136023","0.005753996558941814",0.30368073911180105
"7.165833512194145","0.011493121238034698","0.0077946456798952506",0.4859780699400166
"10.10325598192084","0.01620444976817425","0.010989848273883069",0.6354252607158899
"5.231412447379162","0.008390573962906139","0.005690467832260415",0.2959078706173997
"6.511311848791249","0.010443387938088574","0.007082647354061842",0.43430721662290744
"4.6895259562633855","0.007521458194112709","0.005101043060949352",0.21454903399389882
"4.838063337737445","0.007759679870203655","0.005262613264450767",0.2386635618926151
"6.159563342312072","0.00987914641563033","0.00670008108894293",0.4020037606728441
"6.569520432192815","0.010536728636201299","0.007145978870166234",0.43931982351688664
"4.346735996456311","0.006971651044358863","0.004728174854466384",0.1526072292788939
"6.929273268471391","0.011113769445048365","0.007537342233160742",0.46843046556614004
"6.623110378771377","0.010622597230938372","0.007204299189567434",0.4438568234073476
"5.795765785299575","0.009295723117185161","0.0063043437046598405",0.36446767318557904
"5.642334383237004","0.009049630659116181","0.0061374478258911505",0.34718562308509426
"5.496816281558584","0.008816252674163175","0.0059791620059716985",0.3299037527005523
"4.441223525576853","0.0071232009927114405","0.004830923508979572",0.17063369295322942
"6.164568660084822","0.009887203751586793","0.0067054986467880206",0.40248859695656014
"4.500413488534804","0.007218126828612485","0.004895321117579798",0.18154239030185224
"6.155238263335396","0.009872278641694019","0.006695345306208765",0.4015829800827552
"6.238195951097942","0.01000534812616404","0.006785608000543933",0.40954186734889925
"6.0795222551317245","0.009750828011592398","0.006612983328459195",0.3941299881395441
"6.262369732497894","0.01004409171818779","0.006811918632853869",0.4118214559623503
"6.880540126870917","0.011035569305919164","0.007484302401221834",0.4646644880262607
"7.358198168581478","0.011801717948424172","0.008003869823594606",0.4994159174368814
"5.142871817342415","0.008248588481602074","0.005594156972923471",0.2837862706542347
"4.822636455583903","0.00773495122134152","0.005245821903620029",0.23622772981941587
"4.785451415307293","0.007675406327482438","0.005205365629730953",0.23029346541392112
"4.4356303724538435","0.007114218959881123","0.004824898947114489",0.1695915702452129
"7.391163416465024","0.011854549420889026","0.008039736982468793",0.5016485951990127
"4.055973075808269","0.006505309135162368","0.004411885298991503",0.09185892766997432
"7.147417355313645","0.01146358142885021","0.007774603557684481",0.48465337429927
"4.443655169881948","0.00712709414011192","0.0048336055512515725",0.17108982183648533
"5.282384148715314","0.00847233454127349","0.0057459160825605446",0.30270216138045786
"3.980461465618393","0.006384210304321189","0.004329764305167264",0.07463251924729233
"4.176457100049387","0.006698502619168714","0.004542962240413072",0.11805811406913982
"4.295148111712204","0.006888891790699379","0.004672059371103075",0.1424291307622313
"7.278468794802059","0.01167379840121312","0.007917185637533618",0.49393323622010354
"4.780890478982082","0.007667983005070975","0.005200418665236662",0.22955878488635742
"6.0026680978466","0.009627541991618992","0.006529419245120604",0.3863738745133094
"9.244873215081952","0.014827616285083996","0.010056153763455589",0.6015745974285202
"8.293244656209648","0.013301445947190864","0.0090209814389919",0.5558561209153081
"4.690672812804868","0.007523274748626826","0.005102256604477465",0.2147388649763175
"7.299226012325976","0.011707183420898173","0.007939713669502736",0.4953715944290333
"6.021857876682487","0.009658329338808619","0.006550289001998271",0.38832923390341106
"8.214984123110776","0.01317584561446713","0.008935844947872525",0.5516245071693604
"5.377794046244821","0.008625308157257136","0.005849699530959199",0.3150728437899937
"5.340954311268213","0.008566234265896007","0.005809632957859231",0.3103488628360012
"3.9431592205339445","0.006324349835506923","0.004289392649903148",0.06589464285243195
"8.591582832372318","0.013779869878877431","0.009345483331317945",0.5712782547879524
"4.045339877970529","0.0064881816739377875","0.004400294285828469",0.08946885466042002
"6.633999701049997","0.010640137882515898","0.007216141692139153",0.44477005730447433
"5.046843089891838","0.008094536047073787","0.005489696079377602",0.2701579206624255
"6.220534981055011","0.009977033135360153","0.00676637798279623",0.4078649156408073
"4.52460553431616","0.007256943964840647","0.004921634240222164",0.18591858354194912
"5.7001105357506","0.009142308606003895","0.0062002872415667055",0.3538023649280963
"4.7295008756192205","0.007585531340911385","0.005144511757479979",0.22118659745830682
"5.395353320470581","0.008653568923105008","0.005868808670088323",0.31730317692407617
"6.780537992030505","0.010875171361955083","0.00737549083971211",0.4567681633519112
"5.548736351448048","0.008899454788344684","0.006035651340526539",0.33617387806342175
"5.1536406334285685","0.008265842551605052","0.005605856706475383",0.28528200290647526
"4.604060179654376","0.007384340561015214","0.0050080802277404236",0.19996829716690018
"5.750549549964681","0.0092231858467085","0.006255167932787876",0.3594707144791677
"5.935691480205724","0.009520125904351077","0.006456539334443852",0.37944900898590916
"5.297825683959096","0.008497056541499418","0.005762713227554657",0.3047342055242052
"3.8792223852819103","0.006221818959044638","0.004219626364356268",0.050480998355276516
"5.7141722273498905","0.009164829246562095","0.006215600157916906",0.3553929806619999
"4.314396744038346","0.006919738939457061","0.004692995257930386",0.1462547098423499
"6.397548504283636","0.010260882807997265","0.006958945551404746",0.4242489757961616
"9.340051671232954","0.01498037283177605","0.010159676277913561",0.6056348644753291
"6.739137740603382","0.010808844177528858","0.007330547148671775",0.4534338381584193
"8.149623528560197","0.013071040625066598","0.008864819844210852",0.5480299466664029
"5.093889806524446","0.00816994211499143","0.005540892599748777",0.2768992374457717
"6.424499809244012","0.010304127605103396","0.0069882487272358695",0.4266640047523907
"5.804651727055247","0.009309991599363913","0.006313973955533713",0.3654393568459224
"6.4833208948712855","0.010398515410008595","0.007052208054104896",0.4318652668202762
"6.415783501365012","0.010290202949094116","0.006978768172956533",0.42588543747349555
"4.857648759241544","0.007791083666879147","0.005283913377706223",0.2417328673147156
"4.3306945083398425","0.006945899666357445","0.0047107368671908565",0.14946882431409797
"7.085286036953212","0.01136397396336401","0.007706980613155139",0.4801334844643771
"5.031830105415776","0.008070448947749713","0.005473380558776959",0.2679810236163045
"4.381953584161443","0.0070281447926991555","0.00476647189007354",0.15941708168462088
"5.844579723113693","0.0093740642332464","0.006357417959181175",0.36977514234456366
"6.676272301879283","0.010707947973776997","0.007262103794995648",0.4482851322596329
"5.782255762938315","0.009274054667616202","0.006289656409751439",0.36298308751413627
"5.499569491550726","0.008820672833781684","0.005982156673194318",0.3302392479302651
"4.8806161818553395","0.007827947063300728","0.005308878239107122",0.2453004747129831
"4.023989797588759","0.006454001129076881","0.004377073304027548",0.08463899125402742
"6.486718945069867","0.010403875636039398","0.0070559496367759945",0.43216371736978265
"6.074468599756883","0.009742748957027335","0.006607518674802857",0.3936272240994267
"8.202353707528225","0.013155647468869908","0.008922133306996816",0.5509348035187814
"5.6117200460450585","0.009000529891053025","0.006104135678837469",0.34362379030888723
"5.658185433476711","0.009075083459521203","0.006154687333461658",0.3490145730762981
"5.8102579940296755","0.00931896489952539","0.006320105305537537",0.36605274587388825
"7.376949074773629","0.01183173764706796","0.008024289572616711",0.500688611043149
"6.711265406500909","0.01076407424016557","0.007300210821931179",0.4511630454674019
"4.228179872193172","0.006781529462437512","0.004599187747076253",0.12884520462567364
"4.524235108276594","0.007256352535021379","0.004921235142138831",0.18585219927365698
"4.774054267529846","0.007657030688285303","0.005192986316070494",0.22845589101744038
"4.38546985217832","0.007033777611745659","0.004770292214898466",0.16009067647380967
"5.1694852567391125","0.008291226417008937","0.005623133129873571",0.287474328533978
"4.109689331103531","0.00659144020571392","0.004470328567301294",0.10372956784518114
"5.488685982675091","0.008803203338694995","0.0059702777527570385",0.32890937247306073
"4.701051941270284","0.007539915037222541","0.005113583872171359",0.21647465705771607
"6.189599352982596","0.00992732922188353","0.006732730851459315",0.4049049637609044
"5.365414721779478","0.008605488356006644","0.005836218641864836",0.31349218026305326
"4.202640915310822","0.0067405149979164036","0.0045714244972028945",0.12355175113152664
"5.614498923876339","0.009005035987771866","0.0061071870225559675",0.34395019630685747
"5.665560078503317","0.009086897565162217","0.006162713741274551",0.3498620111883378
"8.914039923900662","0.014297059744160599","0.009696236408735051",0.5867868998925663
"5.798198263458171","0.009299633467006817","0.006307065392579674",0.36473721021625655
"8.134042564684881","0.013046097192915745","0.008847799426115306",0.5471629827088969
"4.706669105735912","0.007548972564629156","0.005119689937802709",0.2174100640512881
"7.351002504413351","0.011790160838769813","0.007996055794602594",0.49892614314189526
"6.684332516299479","0.01072088185890474","0.007270902439701599",0.4489513272948463
"7.918770953599787","0.012700787433677224","0.008613593120617033",0.5348515651719992
"7.380730671211093","0.01183784931762815","0.008028368706279789",0.5009438532283941
"4.985539960480452","0.007996241460605773","0.00542301487940628",0.2611839892936781
"7.0918234863195195","0.011374429904151922","0.007714162167412425",0.48061434059627717
"6.6680321614568845","0.010694755718963209","0.007253153351194336",0.4476038370725204
"10.411462932312283","0.016698750086830715","0.011325043259416709",0.6462168995806934
"5.644470776251807","0.00905312429339904","0.00613980375811908",0.34743450412501514
"5.667601032909124","0.009090209584126863","0.006164960302912257",0.35009747336759806
"10.656517671781867","0.017091824288231257","0.011591631647478742",0.6543528308018215
"5.556983871162875","0.008912759416365112","0.006044597419652362",0.33715869390364267
"10.991310931471782","0.017628736119836244","0.011955835460769976",0.6648813978991712
"6.091411644385421","0.009769895165298957","0.00662592394734788",0.3953128006121417
"7.427574764257412","0.011912974493054907","0.008079345043275524",0.504091758252991
"5.2933000138234245","0.008489845153993397","0.005757793512255945",0.30414032351451215
"5.604937091462367","0.00898967546886836","0.006096795449833025",0.3428311811870311
"5.607101247464148","0.008993170430807615","0.006099114763130392",0.3430836165682203
"5.96895834517324","0.009573463857015558","0.006492744607077612",0.3829080924814618
"7.542503050647365","0.012097321452857582","0.008204366285281265",0.5116483643446724
"5.8694460438768745","0.009413900649788302","0.006384513318274469",0.37244653049894516
"4.533825714693306","0.007271723842527868","0.004931673804900245",0.18757467028789965
"7.074110523673","0.011345961535799195","0.007694857096771303",0.4793125985748702
"7.581716500886435","0.012160189427638142","0.00824701422963356",0.514173915707832
"6.521980370159433","0.010460526487554168","0.007094283255673854",0.43523365527279395
"7.469411072102417","0.011980058371767256","0.008124829863840007",0.5068687620015535
"6.122916186272499","0.009820538921472067","0.006660242042645885",0.3984265383854169
"5.450462597833509","0.008741873021861832","0.005928762571551841",0.32420553777466127
"4.630089072558361","0.0074261163654251484","0.005036381644085984",0.20446546952497077
"4.636864360433537","0.007436950493664305","0.005043760277700239",0.20562803002691285
"6.438865347493157","0.010327155595942617","0.007003859889288148",0.42794262409118233
"10.767745649892351","0.01727021775344828","0.011712582157315488",0.6579228557695882
"5.82939093794778","0.009349669454088693","0.006340936916504603",0.3681343205642236
"5.657467676995102","0.00907388382700138","0.006153900664338591",0.3489313739902185
"5.1917286376365706","0.00832694792509377","0.005647341941563832",0.29052811826899055
"5.94236579468939","0.009530812414296761","0.006463793159319779",0.3801456475289741
"5.444069176963798","0.008731665297565387","0.005921777562512954",0.3234109819940562
"4.562869143202331","0.00731830183919968","0.004963267420265531",0.19274594027748385
"4.212916922024395","0.006757075320531082","0.004582612081587371",0.12569135801889195
"6.356804234768555","0.010195541943981302","0.00691466406802497",0.4205599131857989
"5.274013083476805","0.008458909077198026","0.0057368340728092765",0.3015964711916345
"4.995441605321609","0.008012091634580141","0.005433785134948225",0.26264810341407924
"5.036445785880093","0.00807789002670349","0.0054783884678655075",0.26865162019108996
